<bank name="Kazkommertsbank JSC" callcenter="87272585444"><customer name="Sergey Frolov Test" mail="SeFrolov@kkb.kz" phone=""><merchant cert_id="00C182B189" name="test merch"><order order_id="0616103705" amount="200" currency="398"><department merchant_id="92061101" amount="200"/></order></merchant><merchant_sign type="RSA"/></customer><customer_sign type="RSA"/><results timestamp="2009-06-16 10:37:47"><payment merchant_id="92061101" amount="200" reference="916704279156" approval_code="263672" response_code="00" Secure="No" card="400303XXXXXX6028"/></results></bank>