<?xml version="1.0" encoding="utf-8"?>
<modification>
  <name>Visa Kazkom (Epay)</name>
  <code>admin_menu_visa</code>
  <version>2.1.2(for 2.0 - 2.1x)</version>
  <author>comtronics@mail.ru</author> 

		<file path="admin/language/*/common/menu.php">
                
                <operation>                
                        <search><![CDATA[// Text]]></search>                        
                        <add position="after"><![CDATA[$_['text_visa_kkb']                		   = 'Visa Kazkom';]]></add>                        
                </operation>                
         
        </file>
  
        <file path="admin/controller/common/menu.php">
                
                <operation error="skip">                  
                    <search><![CDATA[$data['order_recurring'] = $this->url->link('sale/recurring', 'token=' . $this->session->data['token'], 'SSL');]]></search>
                    <add position="after"><![CDATA[                         
						  $data['visa_kkb'] = $this->url->link('sale/visa_kkb', 'token=' . $this->session->data['token'], 'SSL');
                        ]]></add>
                        
                </operation>				
                <operation>
                
                        <search><![CDATA[
                          $data['text_dashboard'] = $this->language->get('text_dashboard');
                        ]]></search>
                        
                        <add position="after"><![CDATA[
                          $data['text_visa_kkb'] = $this->language->get('text_visa_kkb');
                        ]]></add>
                        
                </operation>
                
        </file>        

        <file path="admin/view/template/common/menu.tpl">
		
                 <operation>
					<search><![CDATA[<li><a href="<?php echo $order; ?>"><?php echo $text_order; ?></a></li>]]></search>                        
                    <add position="after"><![CDATA[
                      <?php if(isset($text_visa_kkb)) { ?>
						<li><a href="<?php echo $visa_kkb; ?>"><i class="parent"></i> <span><?php echo $text_visa_kkb; ?></span></a></li>                        
					  <?php } ?>
                    ]]></add>
                        
                </operation>                
                
        </file> 
</modification>