<page><request/><mode>text</mode><result code="00" reference="120705103931" approval_code="103931" message="Approved" date="2012-07-05 10:39:33" check="0" adminmail="sefrolov@kkb.kz" language="ru" baner="0"><merchant shopname="Test Shop" name="test merch" shopurl="http://www.demoshop.kz" id="92061101" backLink="http://localhost:8000/" retryLink="payment.jsp" failureBackLink="http://localhost:8000/fail_kkb/" badBackLink="http://localhost:8000/fail_kkb/"/><payer name="SERGEY FROLOV" mail="epay@kkb.kz"/><card number="440564-XX-XXXX-6150" exp_date=""/><order id="000025" amount="850.00" currency_code="KZT"/></result></page> 