<?xml version="1.0" encoding="utf-8"?>
<modification>
  <name>Epay (Visa Kazkom)</name>
  <code>admin_menu_visa</code>
  <version>2.1.2(v2.3.x)</version>
  <author>comtronics@mail.ru</author> 

		<file path="admin/controller/common/column_left.php">                
                <operation>                
                    <search><![CDATA[if ($sale) {]]></search>
                    <add position="before"><![CDATA[
					if ($this->user->hasPermission('access', 'sale/visa_kkb')) {
						$sale[] = array(
							'name'	   => 'Visa E-pay',
							'href'     => $this->url->link('sale/visa_kkb', 'token=' . $this->session->data['token'], true),
							'children' => array()		
						);	
					}
					]]></add>
                </operation>                
        </file> 
</modification>