<page><request/><mode>text</mode><payment><warning errorcode="00"/><shop name="Vitrina" merchantName="Grammophone Ltd." image="13" img="epay.gif" site="https://testpay.kkb.kz" shopurl="http://testpay.kkb.kz" lang="ru" backLink="http://testpay.kkb.kz/jsp/klient/pay.jsp" failureBackLink="http://testpay.kkb.kz/jsp/klient/pay.jsp" AMEX="1"/><payer name="" email="SeFrolov@kkb.kz" phone="" allnotify=""/><order id="0924114118" amount="1" currency="KZT" showcurr="kzt" showamaunt=""/></payment><custom value=""/></page>