<page><request/><mode>text</mode><result code="15" reference="" approval_code="" message="errror card number" date="2012-07-05 14:30:11" check="0" adminmail="sefrolov@kkb.kz" language="ru" baner="0"><merchant shopname="Test Shop" name="test merch" shopurl="http://www.demoshop.kz" id="92061101" backLink="http://testpay.kkb.kz/jsp/klient/pay_kg.jsp" retryLink="payment.jsp" failureBackLink="https://testpay.kkb.kzjsp/klient/pay_kg.jsp?lp=1" badBackLink="https://testpay.kkb.kz/jsp/klient/pay_kg.jsp?lp=1"/><payer name="Sergey Frolov " mail="SeFrolov@kkb.kz"/><card number="454545-XX-XXXX-4545" exp_date=""/><order id="0705142953" amount="50" currency_code="KZT"/></result></page>
